playerID,age,points,nameFirst,nameLast,teamID,POS
troutmi01,31.0,1661.5242,Mike,Trout,LAA,OF
arenano01,31.0,1608.8262,Nolan,Arenado,SLN,3B
harpebr03,30.0,1579.0641,Bryce,Harper,PHI,OF
bettsmo01,30.0,1547.5265,Mookie,Betts,LAN,2B
bettsmo01,30.0,1547.5265,Mookie,Betts,LAN,OF
sotoju01,24.0,1511.7858,Juan,Soto,WAS,OF
bogaexa01,30.0,1473.1287,Xander,Bogaerts,BOS,SS
arozara01,27.0,1463.4213,Randy,Arozarena,TBA,OF
lindofr01,29.0,1448.8025,Francisco,Lindor,NYN,SS
walshja01,29.0,1405.9631,Jared,Walsh,LAA,1B
walshja01,29.0,1405.9631,Jared,Walsh,LAA,OF
judgeaa01,30.0,1401.0387,Aaron,Judge,NYA,OF
altuvjo01,32.0,1374.1602,Jose,Altuve,HOU,2B
garciad02,29.0,1360.1108,Adolis,Garcia,TEX,OF
alonspe01,28.0,1353.6394,Pete,Alonso,NYN,1B
olsonma02,28.0,1330.1768,Matt,Olson,OAK,1B
beninan01,28.0,1307.4581,Andrew,Benintendi,KCA,OF
bellico01,27.0,1295.4082,Cody,Bellinger,LAN,1B
bellico01,27.0,1295.4082,Cody,Bellinger,LAN,OF
deverra01,26.0,1284.9088,Rafael,Devers,BOS,3B
merriwh01,33.0,1284.8629,Whit,Merrifield,KCA,1B
merriwh01,33.0,1284.8629,Whit,Merrifield,KCA,2B
merriwh01,33.0,1284.8629,Whit,Merrifield,KCA,OF
acunaro01,25.0,1280.1885,Ronald,Acuna,ATL,OF
bregmal01,28.0,1280.127,Alex,Bregman,HOU,3B
turnetr01,29.0,1260.8706,Trea,Turner,LAN,SS
guerrvl02,23.0,1259.7334,Vladimir,Guerrero,TOR,1B
albieoz01,25.0,1252.1393,Ozzie,Albies,ATL,2B
ohtansh01,28.0,1242.6084,Shohei,Ohtani,LAA,P
tatisfe02,23.0,1232.6831,Fernando,Tatis,SDN,SS
yelicch01,31.0,1225.4457,Christian,Yelich,MIL,OF
reynobr01,27.0,1199.6235,Bryan,Reynolds,PIT,OF
machama01,30.0,1165.8453,Manny,Machado,SDN,3B
hoskirh01,29.0,1159.3774,Rhys,Hoskins,PHI,1B
chapmma01,29.0,1154.6886,Matt,Chapman,OAK,3B
chapmma01,29.0,1154.6886,Matt,Chapman,OAK,SS
croncj01,32.0,1136.9768,C. J.,Cron,COL,1B
moncayo01,27.0,1126.9235,Yoan,Moncada,CHA,3B
chishja01,24.0,1118.269,Jazz,Chisholm,MIA,2B
chishja01,24.0,1118.269,Jazz,Chisholm,MIA,SS
dalbebo01,27.0,1115.4337,Bobby,Dalbec,BOS,1B
dalbebo01,27.0,1115.4337,Bobby,Dalbec,BOS,3B
anderti01,29.0,1100.2244,Tim,Anderson,CHA,SS
renfrhu01,30.0,1091.6661,Hunter,Renfroe,MIL,1B
renfrhu01,30.0,1091.6661,Hunter,Renfroe,MIL,OF
seageco01,28.0,1091.1187,Corey,Seager,TEX,SS
smithpa04,26.0,1073.5427,Pavin,Smith,ARI,1B
smithpa04,26.0,1073.5427,Pavin,Smith,ARI,OF
torregl01,26.0,1066.1783,Gleyber,Torres,NYA,SS
rileyau01,25.0,1059.4098,Austin,Riley,ATL,1B
rileyau01,25.0,1059.4098,Austin,Riley,ATL,3B
rileyau01,25.0,1059.4098,Austin,Riley,ATL,OF
croneja01,28.0,1034.0542,Jake,Cronenworth,SDN,1B
croneja01,28.0,1034.0542,Jake,Cronenworth,SDN,2B
croneja01,28.0,1034.0542,Jake,Cronenworth,SDN,3B
croneja01,28.0,1034.0542,Jake,Cronenworth,SDN,SS
sanomi01,29.0,1021.3411,Miguel,Sano,MIN,1B
bichebo01,24.0,1020.4453,Bo,Bichette,TOR,SS
edmanto01,27.0,1013.6644,Tommy,Edman,SLN,2B
edmanto01,27.0,1013.6644,Tommy,Edman,SLN,3B
edmanto01,27.0,1013.6644,Tommy,Edman,SLN,OF
edmanto01,27.0,1013.6644,Tommy,Edman,SLN,SS
realmjt01,31.0,1012.76086,J. T.,Realmuto,PHI,1B
realmjt01,31.0,1012.76086,J. T.,Realmuto,PHI,C
rodgebr02,26.0,1009.32367,Brendan,Rodgers,COL,2B
rodgebr02,26.0,1009.32367,Brendan,Rodgers,COL,SS
abreujo02,35.0,1008.8307,Jose,Abreu,CHA,1B
hernate01,30.0,1007.849,Teoscar,Hernandez,TOR,OF
meadoau01,27.0,1005.58575,Austin,Meadows,TBA,OF
verdual01,26.0,986.9603,Alex,Verdugo,BOS,OF
swansda01,28.0,983.2571,Dansby,Swanson,ATL,SS
garciav01,31.0,962.8465,Avisail,Garcia,MIA,OF
canhama01,33.0,957.62555,Mark,Canha,NYN,1B
canhama01,33.0,957.62555,Mark,Canha,NYN,OF
contrwi01,30.0,936.90454,Willson,Contreras,CHN,C
mountry01,25.0,930.35535,Ryan,Mountcastle,BAL,1B
mountry01,25.0,930.35535,Ryan,Mountcastle,BAL,OF
wadela01,28.0,919.2135,LaMonte,Wade,SFN,1B
wadela01,28.0,919.2135,LaMonte,Wade,SFN,OF
stephty01,26.0,915.1851,Tyler,Stephenson,CIN,C
belljo02,30.0,873.1596,Josh,Bell,WAS,1B
goldspa01,35.0,869.0299,Paul,Goldschmidt,SLN,1B
lowena01,27.0,864.51685,Nathaniel,Lowe,TEX,1B
lowena01,27.0,864.51685,Nathaniel,Lowe,TEX,3B
polanjo01,29.0,846.1848,Jorge,Polanco,MIN,SS
francty01,28.0,833.12146,Ty,France,SEA,1B
francty01,28.0,833.12146,Ty,France,SEA,3B
francty01,28.0,833.12146,Ty,France,SEA,2B
francty01,28.0,833.12146,Ty,France,SEA,3B
fletcda02,28.0,833.0072,David,Fletcher,LAA,2B
fletcda02,28.0,833.0072,David,Fletcher,LAA,3B
fletcda02,28.0,833.0072,David,Fletcher,LAA,OF
fletcda02,28.0,833.0072,David,Fletcher,LAA,SS
crawfjp01,27.0,830.6468,J. P.,Crawford,SEA,SS
tapiara01,28.0,829.37823,Raimel,Tapia,COL,OF
candeje01,29.0,823.7635,Jeimer,Candelario,DET,1B
candeje01,29.0,823.7635,Jeimer,Candelario,DET,3B
hayeske01,25.0,812.753,Ke'Bryan,Hayes,PIT,3B
luxga01,25.0,798.7616,Gavin,Lux,LAN,2B
smithwi05,27.0,788.7384,Will,Smith,LAN,C
uriaslu01,25.0,775.6993,Luis,Urias,MIL,2B
uriaslu01,25.0,775.6993,Luis,Urias,MIL,3B
uriaslu01,25.0,775.6993,Luis,Urias,MIL,SS
santaca01,36.0,772.1046,Carlos,Santana,KCA,1B
zuninmi01,31.0,766.98615,Mike,Zunino,TBA,C
lowebr01,28.0,764.08997,Brandon,Lowe,TBA,1B
lowebr01,28.0,764.08997,Brandon,Lowe,TBA,2B
lowebr01,28.0,764.08997,Brandon,Lowe,TBA,OF
crawfbr01,35.0,762.7821,Brandon,Crawford,SFN,SS
kineris01,27.0,754.0906,Isiah,Kiner-Falefa,TEX,3B
kineris01,27.0,754.0906,Isiah,Kiner-Falefa,TEX,SS
gourryu01,38.0,749.16266,Yuli,Gurriel,HOU,1B
muncyma01,32.0,748.6878,Max,Muncy,LAN,1B
muncyma01,32.0,748.6878,Max,Muncy,LAN,2B
muncyma01,32.0,748.6878,Max,Muncy,LAN,3B
arraelu01,25.0,745.1953,Luis,Arraez,MIN,2B
happia01,28.0,737.2744,Ian,Happ,CHN,1B
happia01,28.0,737.2744,Ian,Happ,CHN,OF
lopezni01,27.0,729.75543,Nicky,Lopez,KCA,2B
lopezni01,27.0,729.75543,Nicky,Lopez,KCA,3B
lopezni01,27.0,729.75543,Nicky,Lopez,KCA,SS
keplema01,29.0,727.256,Max,Kepler,MIN,OF
mullice01,28.0,714.12036,Cedric,Mullins,BAL,OF
wisdopa01,31.0,709.86725,Patrick,Wisdom,CHN,1B
rojasmi02,33.0,701.3484,Miguel,Rojas,MIA,1B
rojasmi02,33.0,701.3484,Miguel,Rojas,MIA,3B
rojasmi02,33.0,701.3484,Miguel,Rojas,MIA,SS
brantmi02,35.0,693.49774,Michael,Brantley,HOU,OF
castrwi01,25.0,691.984,Willi,Castro,DET,2B
castrwi01,25.0,691.984,Willi,Castro,DET,3B
castrwi01,25.0,691.984,Willi,Castro,DET,SS
beltbr01,34.0,690.1548,Brandon,Belt,SFN,1B
mcmahry01,28.0,688.0582,Ryan,McMahon,COL,1B
mcmahry01,28.0,688.0582,Ryan,McMahon,COL,2B
mcmahry01,28.0,688.0582,Ryan,McMahon,COL,3B
mcmahry01,28.0,688.0582,Ryan,McMahon,COL,SS
oneilty01,27.0,682.59375,Tyler,O'Neill,SLN,OF
strawmy01,28.0,677.66876,Myles,Straw,CLE,OF
strawmy01,28.0,677.66876,Myles,Straw,CLE,SS
donaljo02,37.0,676.24854,Josh,Donaldson,MIN,3B
grishtr01,26.0,668.121,Trent,Grisham,SDN,OF
semiema01,32.0,653.28314,Marcus,Semien,TEX,SS
rufda01,36.0,645.95734,Darin,Ruf,SFN,1B
rufda01,36.0,645.95734,Darin,Ruf,SFN,OF
segurje01,32.0,641.2599,Jean,Segura,PHI,2B
segurje01,32.0,641.2599,Jean,Segura,PHI,3B
segurje01,32.0,641.2599,Jean,Segura,PHI,SS
taylomi02,31.0,636.3626,Michael,Taylor,KCA,OF
wendljo01,32.0,629.2157,Joey,Wendle,MIA,2B
wendljo01,32.0,629.2157,Joey,Wendle,MIA,3B
wendljo01,32.0,629.2157,Joey,Wendle,MIA,SS
escobed01,33.0,628.332,Eduardo,Escobar,NYN,2B
escobed01,33.0,628.332,Eduardo,Escobar,NYN,3B
reyesfr01,27.0,626.81116,Franmil,Reyes,CLE,OF
narvaom01,30.0,618.863,Omar,Narvaez,MIL,C
aguilje01,32.0,597.31586,Jesus,Aguilar,MIA,1B
aguilje01,32.0,597.31586,Jesus,Aguilar,MIA,3B
stassma01,31.0,591.12946,Max,Stassi,LAA,C
vottojo01,39.0,581.67334,Joey,Votto,CIN,1B
walkech02,31.0,578.5813,Christian,Walker,ARI,1B
garcile02,31.0,573.3453,Leury,Garcia,CHA,2B
garcile02,31.0,573.3453,Leury,Garcia,CHA,OF
garcile02,31.0,573.3453,Leury,Garcia,CHA,SS
gurrilo01,29.0,566.044,Lourdes,Gurriel,TOR,1B
gurrilo01,29.0,566.044,Lourdes,Gurriel,TOR,OF
heredgu01,31.0,565.01465,Guillermo,Heredia,ATL,OF
heredgu01,31.0,565.01465,Guillermo,Heredia,ATL,OF
choiji01,31.0,563.70233,Ji-Man,Choi,TBA,1B
kiermke01,32.0,557.64514,Kevin,Kiermaier,TBA,OF
vazquch01,32.0,554.0312,Christian,Vazquez,BOS,2B
vazquch01,32.0,554.0312,Christian,Vazquez,BOS,C
diazel01,32.0,548.487,Elias,Diaz,COL,C
grossro01,33.0,546.6689,Robbie,Grossman,DET,OF
peterja01,32.0,546.53876,Jace,Peterson,MIL,1B
peterja01,32.0,546.53876,Jace,Peterson,MIL,2B
peterja01,32.0,546.53876,Jace,Peterson,MIL,3B
peterja01,32.0,546.53876,Jace,Peterson,MIL,OF
yastrmi01,32.0,544.534,Mike,Yastrzemski,SFN,OF
gregodi01,32.0,542.69293,Didi,Gregorius,PHI,SS
ahmedni01,32.0,538.5236,Nick,Ahmed,ARI,SS
hernace02,32.0,538.30536,Cesar,Hernandez,WAS,2B
kempto01,31.0,535.1169,Tony,Kemp,OAK,2B
kempto01,31.0,535.1169,Tony,Kemp,OAK,OF
smithdo02,27.0,533.7623,Dominic,Smith,NYN,1B
smithdo02,27.0,533.7623,Dominic,Smith,NYN,OF
turneju01,38.0,532.4764,Justin,Turner,LAN,3B
duvalad01,34.0,529.84314,Adam,Duvall,ATL,OF
martijd02,35.0,528.26544,J. D.,Martinez,BOS,OF
barnhtu01,31.0,526.2614,Tucker,Barnhart,DET,1B
barnhtu01,31.0,526.2614,Tucker,Barnhart,DET,C
solakni01,27.0,522.2644,Nick,Solak,TEX,1B
solakni01,27.0,522.2644,Nick,Solak,TEX,2B
solakni01,27.0,522.2644,Nick,Solak,TEX,OF
santaan02,28.0,516.48016,Anthony,Santander,BAL,OF
torrelu01,26.0,511.33197,Luis,Torrens,SEA,C
torrelu01,26.0,511.33197,Luis,Torrens,SEA,C
mcneije01,30.0,507.6923,Jeff,McNeil,NYN,2B
mcneije01,30.0,507.6923,Jeff,McNeil,NYN,3B
mcneije01,30.0,507.6923,Jeff,McNeil,NYN,OF
farmeky01,32.0,503.93747,Kyle,Farmer,CIN,1B
farmeky01,32.0,503.93747,Kyle,Farmer,CIN,2B
farmeky01,32.0,503.93747,Kyle,Farmer,CIN,3B
farmeky01,32.0,503.93747,Kyle,Farmer,CIN,OF
farmeky01,32.0,503.93747,Kyle,Farmer,CIN,SS
nimmobr01,29.0,503.79977,Brandon,Nimmo,NYN,OF
mccanja02,32.0,502.51587,James,McCann,NYN,C
polloaj01,35.0,501.82065,AJ,Pollock,LAN,OF
baderha01,28.0,500.96292,Harrison,Bader,SLN,OF
winkeje01,29.0,498.61404,Jesse,Winker,CIN,OF
phillbr02,28.0,498.25394,Brett,Phillips,TBA,OF
phillbr02,28.0,498.25394,Brett,Phillips,TBA,OF
molinya01,40.0,494.24033,Yadier,Molina,SLN,1B
molinya01,40.0,494.24033,Yadier,Molina,SLN,C
vanmejo01,27.0,487.15625,Josh,VanMeter,ARI,1B
vanmejo01,27.0,487.15625,Josh,VanMeter,ARI,2B
vanmejo01,27.0,487.15625,Josh,VanMeter,ARI,2B
vanmejo01,27.0,487.15625,Josh,VanMeter,ARI,3B
blackch02,36.0,485.64578,Charlie,Blackmon,COL,OF
tayloch03,32.0,485.27097,Chris,Taylor,LAN,2B
tayloch03,32.0,485.27097,Chris,Taylor,LAN,OF
tayloch03,32.0,485.27097,Chris,Taylor,LAN,SS
garvemi01,31.0,481.94955,Mitch,Garver,MIN,1B
garvemi01,31.0,481.94955,Mitch,Garver,MIN,C
myerswi01,32.0,476.8433,Wil,Myers,SDN,1B
myerswi01,32.0,476.8433,Wil,Myers,SDN,OF
tayloty01,28.0,471.55368,Tyrone,Taylor,MIL,OF
uriasra01,28.0,466.21463,Ramon,Urias,BAL,2B
uriasra01,28.0,466.21463,Ramon,Urias,BAL,SS
gallojo01,29.0,464.30508,Joey,Gallo,NYA,OF
schoojo01,31.0,457.75656,Jonathan,Schoop,DET,2B
boteda01,29.0,457.39395,David,Bote,CHN,1B
boteda01,29.0,457.39395,David,Bote,CHN,2B
boteda01,29.0,457.39395,David,Bote,CHN,3B
zimmebr01,30.0,456.95645,Bradley,Zimmer,CLE,OF
profaju01,29.0,454.87137,Jurickson,Profar,SDN,1B
profaju01,29.0,454.87137,Jurickson,Profar,SDN,2B
profaju01,29.0,454.87137,Jurickson,Profar,SDN,OF
suareeu01,31.0,454.20084,Eugenio,Suarez,CIN,3B
gamelbe01,30.0,453.22824,Ben,Gamel,PIT,OF
hosmeer01,33.0,452.31064,Eric,Hosmer,SDN,1B
cainlo01,36.0,450.908,Lorenzo,Cain,MIL,OF
hernaya01,35.0,448.2491,Yadiel,Hernandez,WAS,OF
lemahdj01,34.0,446.4105,DJ,LeMahieu,NYA,1B
lemahdj01,34.0,446.4105,DJ,LeMahieu,NYA,2B
lemahdj01,34.0,446.4105,DJ,LeMahieu,NYA,3B
slateau01,30.0,446.1519,Austin,Slater,SFN,OF
stallja01,33.0,445.79257,Jacob,Stallings,MIA,C
fraziad01,31.0,444.22964,Adam,Frazier,SEA,2B
fraziad01,31.0,444.22964,Adam,Frazier,SEA,OF
florewi01,31.0,439.7545,Wilmer,Flores,SFN,1B
florewi01,31.0,439.7545,Wilmer,Flores,SFN,2B
florewi01,31.0,439.7545,Wilmer,Flores,SFN,3B
haaseer01,30.0,439.3956,Eric,Haase,DET,C
diazal02,32.0,438.43503,Aledmys,Diaz,HOU,1B
diazal02,32.0,438.43503,Aledmys,Diaz,HOU,2B
diazal02,32.0,438.43503,Aledmys,Diaz,HOU,3B
diazal02,32.0,438.43503,Aledmys,Diaz,HOU,OF
peralda01,35.0,438.3221,David,Peralta,ARI,OF
jeffery01,25.0,436.87363,Ryan,Jeffers,MIN,C
voitlu01,31.0,432.5519,Luke,Voit,NYA,1B
duggast01,29.0,427.55527,Steven,Duggar,SFN,OF
janseda01,27.0,427.18137,Danny,Jansen,TOR,C
fraleja01,27.0,426.8693,Jake,Fraley,SEA,OF
hillisa01,28.0,426.77835,Sam,Hilliard,COL,OF
beatyma01,29.0,425.75168,Matt,Beaty,LAN,1B
beatyma01,29.0,425.75168,Matt,Beaty,LAN,OF
lasteto01,33.0,425.01096,Tommy,La Stella,SFN,1B
lasteto01,33.0,425.01096,Tommy,La Stella,SFN,2B
lasteto01,33.0,425.01096,Tommy,La Stella,SFN,2B
lasteto01,33.0,425.01096,Tommy,La Stella,SFN,3B
brownse01,30.0,423.12503,Seth,Brown,OAK,1B
roblevi01,25.0,421.26663,Victor,Robles,WAS,OF
doziehu01,31.0,420.99332,Hunter,Dozier,KCA,1B
doziehu01,31.0,420.99332,Hunter,Dozier,KCA,3B
doziehu01,31.0,420.99332,Hunter,Dozier,KCA,OF
mooredy01,30.0,418.1685,Dylan,Moore,SEA,1B
mooredy01,30.0,418.1685,Dylan,Moore,SEA,2B
mooredy01,30.0,418.1685,Dylan,Moore,SEA,3B
mooredy01,30.0,418.1685,Dylan,Moore,SEA,OF
mooredy01,30.0,418.1685,Dylan,Moore,SEA,SS
alfarjo01,29.0,417.59433,Jorge,Alfaro,SDN,C
alfarjo01,29.0,417.59433,Jorge,Alfaro,SDN,OF
stewadj01,29.0,415.63406,DJ,Stewart,BAL,OF
heimjo01,27.0,410.387,Jonah,Heim,TEX,C
naylojo01,25.0,407.6105,Josh,Naylor,CLE,1B
naylojo01,25.0,407.6105,Josh,Naylor,CLE,OF
naylojo01,25.0,407.6105,Josh,Naylor,CLE,1B
naylojo01,25.0,407.6105,Josh,Naylor,CLE,OF
pindech01,30.0,407.15292,Chad,Pinder,OAK,2B
pindech01,30.0,407.15292,Chad,Pinder,OAK,3B
pindech01,30.0,407.15292,Chad,Pinder,OAK,OF
canoro01,40.0,400.09665,Robinson,Cano,NYN,2B
perezro02,34.0,392.13943,Roberto,Perez,PIT,C
odorro01,28.0,388.81522,Rougned,Odor,BAL,2B
grandya01,34.0,388.4644,Yasmani,Grandal,CHA,1B
grandya01,34.0,388.4644,Yasmani,Grandal,CHA,C
longoev01,37.0,387.36533,Evan,Longoria,SFN,3B
hampsga01,28.0,383.8948,Garrett,Hampson,COL,2B
hampsga01,28.0,383.8948,Garrett,Hampson,COL,OF
hampsga01,28.0,383.8948,Garrett,Hampson,COL,SS
murphse01,28.0,382.64072,Sean,Murphy,OAK,C
rendoan01,32.0,382.4559,Anthony,Rendon,LAA,3B
hernaen02,31.0,380.47647,Enrique,Hernandez,BOS,1B
hernaen02,31.0,380.47647,Enrique,Hernandez,BOS,2B
hernaen02,31.0,380.47647,Enrique,Hernandez,BOS,OF
hernaen02,31.0,380.47647,Enrique,Hernandez,BOS,SS
severpe01,29.0,380.4631,Pedro,Severino,MIL,C
laurera01,28.0,378.84622,Ramon,Laureano,OAK,OF
heywaja01,33.0,377.21237,Jason,Heyward,CHN,OF
urshegi01,31.0,376.90164,Gio,Urshela,NYA,3B
rosaram01,27.0,375.69437,Amed,Rosario,CLE,SS
maldoma01,36.0,373.49478,Martin,Maldonado,HOU,C
adamewi01,27.0,371.55118,Willy,Adames,MIL,SS
margoma01,28.0,370.59488,Manuel,Margot,TBA,OF
martest01,34.0,369.53195,Starling,Marte,NYN,OF
martest01,34.0,369.53195,Starling,Marte,NYN,OF
moustmi01,34.0,369.31076,Mike,Moustakas,CIN,1B
moustmi01,34.0,369.31076,Mike,Moustakas,CIN,2B
moustmi01,34.0,369.31076,Mike,Moustakas,CIN,3B
casalcu01,34.0,367.76303,Curt,Casali,SFN,C
trevijo01,30.0,366.12943,Jose,Trevino,TEX,1B
trevijo01,30.0,366.12943,Jose,Trevino,TEX,C
mejiafr01,27.0,366.11234,Francisco,Mejia,TBA,C
uptonju01,35.0,365.18588,Justin,Upton,LAA,OF
bradlja02,32.0,363.72202,Jackie,Bradley,BOS,OF
marteke01,29.0,362.9413,Ketel,Marte,ARI,2B
marteke01,29.0,362.9413,Ketel,Marte,ARI,OF
marteke01,29.0,362.9413,Ketel,Marte,ARI,SS
tellero01,27.0,360.67313,Rowdy,Tellez,MIL,1B
higasky01,32.0,360.31625,Kyle,Higashioka,NYA,C
arroych01,27.0,359.20825,Christian,Arroyo,BOS,3B
arroych01,27.0,359.20825,Christian,Arroyo,BOS,2B
arroych01,27.0,359.20825,Christian,Arroyo,BOS,SS
grichra01,31.0,358.44968,Randal,Grichuk,TOR,OF
baezja01,30.0,357.18564,Javier,Baez,DET,OF
baezja01,30.0,357.18564,Javier,Baez,DET,SS
buxtoby01,29.0,356.59567,Byron,Buxton,MIN,OF
castrja01,35.0,356.1757,Jason,Castro,HOU,C
castrja01,35.0,356.1757,Jason,Castro,HOU,C
haysau01,27.0,352.79794,Austin,Hays,BAL,OF
wongko01,32.0,349.20718,Kolten,Wong,MIL,2B
gomesya01,35.0,347.73404,Yan,Gomes,CHN,C
pinama01,35.0,347.67935,Manny,Pina,ATL,C
lewisky01,27.0,346.41153,Kyle,Lewis,SEA,OF
hedgeau01,30.0,343.35556,Austin,Hedges,CLE,C
hedgeau01,30.0,343.35556,Austin,Hedges,CLE,C
espinsa01,28.0,338.54312,Santiago,Espinal,TOR,3B
espinsa01,28.0,338.54312,Santiago,Espinal,TOR,P
espinsa01,28.0,338.54312,Santiago,Espinal,TOR,SS
thomala02,27.0,335.3978,Lane,Thomas,WAS,OF
bertijo01,32.0,335.2261,Jon,Berti,MIA,2B
bertijo01,32.0,335.2261,Jon,Berti,MIA,3B
bertijo01,32.0,335.2261,Jon,Berti,MIA,OF
bertijo01,32.0,335.2261,Jon,Berti,MIA,SS
madrini01,25.0,332.34955,Nick,Madrigal,CHN,2B
bohmal01,26.0,330.6359,Alec,Bohm,PHI,1B
bohmal01,26.0,330.6359,Alec,Bohm,PHI,3B
whiteel04,28.0,330.45267,Eli,White,TEX,OF
castrha01,29.0,329.20602,Harold,Castro,DET,1B
castrha01,29.0,329.20602,Harold,Castro,DET,2B
castrha01,29.0,329.20602,Harold,Castro,DET,3B
castrha01,29.0,329.20602,Harold,Castro,DET,OF
castrha01,29.0,329.20602,Harold,Castro,DET,SS
darnatr01,33.0,328.79507,Travis,d'Arnaud,ATL,C
davisjd01,29.0,326.46786,J. D.,Davis,NYN,3B
davisjd01,29.0,326.46786,J. D.,Davis,NYN,OF
biggica01,27.0,326.0886,Cavan,Biggio,TOR,2B
biggica01,27.0,326.0886,Cavan,Biggio,TOR,3B
biggica01,27.0,326.0886,Cavan,Biggio,TOR,OF
caratvi01,29.0,324.84915,Victor,Caratini,SDN,1B
caratvi01,29.0,324.84915,Victor,Caratini,SDN,C
andruel01,34.0,324.05203,Elvis,Andrus,OAK,SS
barneau01,33.0,321.5079,Austin,Barnes,LAN,C
varshda01,26.0,320.92325,Daulton,Varsho,ARI,C
varshda01,26.0,320.92325,Daulton,Varsho,ARI,OF
stevean01,28.0,319.8381,Andrew,Stevenson,WAS,OF
changyu01,27.0,318.4692,Yu,Chang,CLE,2B
changyu01,27.0,318.4692,Yu,Chang,CLE,3B
changyu01,27.0,318.4692,Yu,Chang,CLE,SS
alcanse01,26.0,317.11874,Sergio,Alcantara,CHN,2B
alcanse01,26.0,317.11874,Sergio,Alcantara,CHN,3B
sanchje02,25.0,317.11667,Jesus,Sanchez,MIA,OF
ozunama01,32.0,315.38498,Marcell,Ozuna,ATL,OF
reyesvi01,28.0,314.64145,Victor,Reyes,DET,OF
mcguire01,27.0,313.8257,Reese,McGuire,TOR,C
toroab01,26.0,313.41,Abraham,Toro,SEA,1B
toroab01,26.0,313.41,Abraham,Toro,SEA,2B
toroab01,26.0,313.41,Abraham,Toro,SEA,3B
kirkal01,24.0,311.89297,Alejandro,Kirk,TOR,C
mckinza01,27.0,311.6937,Zach,McKinstry,LAN,2B
mckinza01,27.0,311.6937,Zach,McKinstry,LAN,OF
mayfija01,32.0,311.16342,Jack,Mayfield,LAA,2B
mayfija01,32.0,311.16342,Jack,Mayfield,LAA,3B
mayfija01,32.0,311.16342,Jack,Mayfield,LAA,SS
roberlu01,25.0,310.3524,Luis,Robert,CHA,OF
kieboca01,25.0,309.60098,Carter,Kieboom,WAS,3B
rookebr01,28.0,309.38712,Brent,Rooker,MIN,OF
gimenan01,24.0,305.5994,Andres,Gimenez,CLE,2B
gimenan01,24.0,305.5994,Andres,Gimenez,CLE,3B
gimenan01,24.0,305.5994,Andres,Gimenez,CLE,SS
anderbr06,29.0,302.58365,Brian,Anderson,MIA,1B
anderbr06,29.0,302.58365,Brian,Anderson,MIA,2B
anderbr06,29.0,302.58365,Brian,Anderson,MIA,3B
hoernni01,25.0,295.57788,Nico,Hoerner,CHN,2B
hoernni01,25.0,295.57788,Nico,Hoerner,CHN,3B
hoernni01,25.0,295.57788,Nico,Hoerner,CHN,OF
hoernni01,25.0,295.57788,Nico,Hoerner,CHN,SS
brossmi01,28.0,291.53592,Mike,Brosseau,MIL,1B
brossmi01,28.0,291.53592,Mike,Brosseau,MIL,2B
brossmi01,28.0,291.53592,Mike,Brosseau,MIL,3B
brossmi01,28.0,291.53592,Mike,Brosseau,MIL,OF
brossmi01,28.0,291.53592,Mike,Brosseau,MIL,P
coopega03,32.0,286.6898,Garrett,Cooper,MIA,1B
dejonpa01,29.0,276.23276,Paul,DeJong,SLN,SS
engelad01,31.0,272.93546,Adam,Engel,CHA,OF
wadety01,28.0,269.17313,Tyler,Wade,LAA,2B
wadety01,28.0,269.17313,Tyler,Wade,LAA,SS
plaweke01,31.0,268.6702,Kevin,Plawecki,BOS,1B
plaweke01,31.0,268.6702,Kevin,Plawecki,BOS,C
plaweke01,31.0,268.6702,Kevin,Plawecki,BOS,P
newmake01,29.0,264.78006,Kevin,Newman,PIT,2B
newmake01,29.0,264.78006,Kevin,Newman,PIT,SS
estrath01,26.0,263.86154,Thairo,Estrada,SFN,2B
estrath01,26.0,263.86154,Thairo,Estrada,SFN,3B
estrath01,26.0,263.86154,Thairo,Estrada,SFN,SS
nolaau01,33.0,263.7676,Austin,Nola,SDN,1B
nolaau01,33.0,263.7676,Austin,Nola,SDN,3B
nolaau01,33.0,263.7676,Austin,Nola,SDN,C
nolaau01,33.0,263.7676,Austin,Nola,SDN,C
adelljo01,23.0,260.55093,Jo,Adell,LAA,OF
hicksaa01,33.0,260.44992,Aaron,Hicks,NYA,OF
piscost01,31.0,255.78006,Stephen,Piscotty,OAK,OF
mondera02,27.0,251.92648,Adalberto,Mondesi,KCA,SS
kellyca02,28.0,251.53024,Carson,Kelly,ARI,C
kellyca02,28.0,251.53024,Carson,Kelly,ARI,P
tsutsyo01,31.0,249.72513,Yoshi,Tsutsugo,PIT,3B
tsutsyo01,31.0,249.72513,Yoshi,Tsutsugo,PIT,OF
demertr01,28.0,247.87625,Travis,Demeritte,ATL,OF
demertr01,28.0,247.87625,Travis,Demeritte,ATL,P
mercaos01,28.0,246.26834,Oscar,Mercado,CLE,OF
calhowi01,28.0,244.83627,Willie,Calhoun,TEX,OF
hillde01,27.0,243.0419,Derek,Hill,DET,OF
akiyash01,34.0,241.3613,Shogo,Akiyama,CIN,OF
alforan01,28.0,239.94144,Anthony,Alford,PIT,OF
alforan01,28.0,239.94144,Anthony,Alford,PIT,OF
gutieke01,28.0,230.92789,Kelvin,Gutierrez,BAL,3B
mateojo01,27.0,230.5928,Jorge,Mateo,BAL,2B
mateojo01,27.0,230.5928,Jorge,Mateo,BAL,OF
jimenel02,26.0,219.18875,Eloy,Jimenez,CHA,OF
andujmi01,27.0,218.48679,Miguel,Andujar,NYA,3B
andujmi01,27.0,218.48679,Miguel,Andujar,NYA,OF
kniznan01,27.0,217.44641,Andrew,Knizner,SLN,C
luplojo01,29.0,212.53061,Jordan,Luplow,ARI,OF
nidoto01,28.0,207.36942,Tomas,Nido,NYN,C
olivaed02,26.0,200.25885,Edward,Olivares,KCA,OF
olivaed02,26.0,200.25885,Edward,Olivares,KCA,OF
hiurake01,26.0,197.86374,Keston,Hiura,MIL,2B
mendida01,29.0,190.49466,Danny,Mendick,CHA,2B
mendida01,29.0,190.49466,Danny,Mendick,CHA,3B
mendida01,29.0,190.49466,Danny,Mendick,CHA,SS
guilllu01,28.0,190.1395,Luis,Guillorme,NYN,2B
guilllu01,28.0,190.1395,Luis,Guillorme,NYN,3B
guilllu01,28.0,190.1395,Luis,Guillorme,NYN,P
guilllu01,28.0,190.1395,Luis,Guillorme,NYN,SS
jonesta01,29.0,177.82657,Taylor,Jones,HOU,1B
gallaca01,30.0,154.34256,Cam,Gallagher,KCA,C
senzeni01,27.0,148.95456,Nick,Senzel,CIN,OF
tuckeco01,26.0,144.13269,Cole,Tucker,PIT,2B
tuckeco01,26.0,144.13269,Cole,Tucker,PIT,OF
arciaor01,28.0,136.26315,Orlando,Arcia,ATL,OF
arciaor01,28.0,136.26315,Orlando,Arcia,ATL,P
arciaor01,28.0,136.26315,Orlando,Arcia,ATL,SS
chavimi01,27.0,128.12344,Michael,Chavis,PIT,1B
chavimi01,27.0,128.12344,Michael,Chavis,PIT,2B
chavimi01,27.0,128.12344,Michael,Chavis,PIT,OF
velazan01,28.0,127.806854,Andrew,Velazquez,LAA,2B
velazan01,28.0,127.806854,Andrew,Velazquez,LAA,OF
velazan01,28.0,127.806854,Andrew,Velazquez,LAA,SS
allengr01,29.0,122.41879,Greg,Allen,PIT,OF
allengr01,29.0,122.41879,Greg,Allen,PIT,OF
camarjo01,29.0,107.44101,Johan,Camargo,PHI,2B
camarjo01,29.0,107.44101,Johan,Camargo,PHI,3B
hermomi01,27.0,88.35501,Michael,Hermosillo,CHN,OF
bartjo01,26.0,86.82437,Joey,Bart,SFN,C
ruizke01,24.0,81.516754,Keibert,Ruiz,WAS,C
pachecr01,24.0,66.68405,Cristian,Pache,ATL,OF
flories01,25.0,65.49786,Estevan,Florial,NYA,OF
riosed01,28.0,57.37119,Edwin,Rios,LAN,1B
riosed01,28.0,57.37119,Edwin,Rios,LAN,3B
stubbga01,29.0,42.9155,Garrett,Stubbs,PHI,C
stubbga01,29.0,42.9155,Garrett,Stubbs,PHI,OF
moniami01,24.0,38.203007,Mickey,Moniak,PHI,OF
machivi01,29.0,29.439915,Vimael,Machin,OAK,1B
machivi01,29.0,29.439915,Vimael,Machin,OAK,2B
machivi01,29.0,29.439915,Vimael,Machin,OAK,3B
machivi01,29.0,29.439915,Vimael,Machin,OAK,SS
haselad01,26.0,22.35471,Adam,Haseley,PHI,OF
thaisma01,27.0,17.012974,Matt,Thaiss,LAA,1B
thaisma01,27.0,17.012974,Matt,Thaiss,LAA,2B
thaisma01,27.0,17.012974,Matt,Thaiss,LAA,3B
thaisma01,27.0,17.012974,Matt,Thaiss,LAA,OF
